{
  "project_info": {
    "project_number": "676136643299",
    "firebase_url": "https://my-project-191388-default-rtdb.firebaseio.com",
    "project_id": "my-project-191388",
    "storage_bucket": "my-project-191388.appspot.com"
  },
  "client": [
    {
      "client_info": {
        "mobilesdk_app_id": "1:676136643299:android:f48768d98a5c22b052b3d6",
        "android_client_info": {
          "package_name": "com.example.final_exam"
        }
      },
      "oauth_client": [
        {
          "client_id": "676136643299-0ppoqlmrf9pe3orobucso52cbfdublsj.apps.googleusercontent.com",
          "client_type": 3
        }
      ],
      "api_key": [
        {
          "current_key": "AIzaSyCz6IAikwt4leNCVYMdN48vg5Xr1Ypt2zY"
        }
      ],
      "services": {
        "appinvite_service": {
          "other_platform_oauth_client": [
            {
              "client_id": "676136643299-0ppoqlmrf9pe3orobucso52cbfdublsj.apps.googleusercontent.com",
              "client_type": 3
            }
          ]
        }
      }
    },
    {
      "client_info": {
        "mobilesdk_app_id": "1:676136643299:android:5fc6082b0259618252b3d6",
        "android_client_info": {
          "package_name": "com.example.firebaseauthentication"
        }
      },
      "oauth_client": [
        {
          "client_id": "676136643299-0ppoqlmrf9pe3orobucso52cbfdublsj.apps.googleusercontent.com",
          "client_type": 3
        }
      ],
      "api_key": [
        {
          "current_key": "AIzaSyCz6IAikwt4leNCVYMdN48vg5Xr1Ypt2zY"
        }
      ],
      "services": {
        "appinvite_service": {
          "other_platform_oauth_client": [
            {
              "client_id": "676136643299-0ppoqlmrf9pe3orobucso52cbfdublsj.apps.googleusercontent.com",
              "client_type": 3
            }
          ]
        }
      }
    },
    {
      "client_info": {
        "mobilesdk_app_id": "1:676136643299:android:3613c70a16f2964f52b3d6",
        "android_client_info": {
          "package_name": "com.example.ijaz.myfirstapp"
        }
      },
      "oauth_client": [
        {
          "client_id": "676136643299-0ppoqlmrf9pe3orobucso52cbfdublsj.apps.googleusercontent.com",
          "client_type": 3
        }
      ],
      "api_key": [
        {
          "current_key": "AIzaSyCz6IAikwt4leNCVYMdN48vg5Xr1Ypt2zY"
        }
      ],
      "services": {
        "appinvite_service": {
          "other_platform_oauth_client": [
            {
              "client_id": "676136643299-0ppoqlmrf9pe3orobucso52cbfdublsj.apps.googleusercontent.com",
              "client_type": 3
            }
          ]
        }
      }
    }
  ],
  "configuration_version": "1"
}